Domain,Status,Attractiveness,Demand,Length,Sectors,Created,Expires,Registrar
one.engineer,available,132,43%,3,"Business,General,Media,Technology",,,
brief.engineer,available,124,19%,5,"Business,Education,General,Law",,,
complete.engineer,available,120,21%,8,"Manufacturing,Retail,Technology",,,
second.engineer,available,120,23%,6,"General,Mathematics",,,
flat.engineer,available,116,23%,4,"Construction,Real Estate",,,
equal.engineer,available,116,19%,5,"Education,General,Law",,,
tenth.engineer,available,116,7%,5,Mathematics,,,
tonic.engineer,available,114,22%,5,"Health and Fitness,Medicine,Science",,,
hotshot.engineer,available,112,14%,7,"Business,Entertainment,Sports",,,
zero.engineer,resell,112,49%,4,Mathematics,26/06/2025 17:00,26/06/2026 17:00,Dynadot Inc
above.engineer,available,112,22%,5,Business,,,
acute.engineer,available,112,9%,5,"Mathematics,Medicine,Science",,,
abstract.engineer,available,108,29%,8,"Arts,Humanities,Science",,,
abiding.engineer,available,106,5%,7,"General,Religion",,,
expert.engineer,resell,104,26%,6,"Business,Education,Technology",03/12/2021 15:50,03/12/2025 15:50,"GoDaddy.com, LLC"
active.engineer,available,104,27%,6,"Health and Fitness,Sports,Travel",,,
teen.engineer,available,104,14%,4,"Education,Entertainment,Healthcare",,,
eight.engineer,available,102,23%,5,"General,Mathematics",,,
captive.engineer,available,102,14%,7,"Entertainment,Hospitality,Technology",,,
absent.engineer,available,102,8%,6,"Business,Education,Technology",,,
extra.engineer,available,102,26%,5,"Fashion,Retail,Technology",,,
eighth.engineer,available,100,6%,6,Mathematics,,,
adjunct.engineer,available,100,5%,7,Education,,,
remove.engineer,available,100,13%,6,"Construction,Manufacturing,Technology",,,
sixth.engineer,available,100,8%,5,Mathematics,,,
ninth.engineer,available,100,9%,5,Mathematics,,,
abrupt.engineer,available,100,3%,6,"Medicine,Science",,,
third.engineer,available,100,15%,5,Mathematics,,,
whiz.engineer,available,100,12%,4,"Business,Education,Technology",,,
genius.engineer,available,98,46%,6,"Arts,Education,Technology",,,
whizz.engineer,available,98,11%,5,"Business,Education,Technology",,,
academic.engineer,available,96,20%,8,"Education,Humanities,Science",,,
doable.engineer,available,96,9%,6,"Business,Education,Technology",,,
forgiving.engineer,available,96,3%,9,"Healthcare,Religion",,,
alamode.engineer,available,96,12%,9,Fashion,,,
actual.engineer,available,96,22%,6,"Real Estate,Retail,Technology",,,
adequate.engineer,available,94,9%,8,"Education,Healthcare,Technology",,,
virtuoso.engineer,available,94,16%,8,"Arts,Entertainment",,,
abject.engineer,available,94,7%,6,Humanities,,,
around.engineer,available,94,22%,6,"Business,General,Media,Technology",,,
about.engineer,available,94,28%,5,"Business,General,Media,Technology",,,
adjective.engineer,available,92,5%,9,Education,,,
derelict.engineer,available,92,7%,8,"Construction,Real Estate",,,
exemplary.engineer,available,92,5%,9,"Business,Education,Healthcare",,,
abroad.engineer,available,92,12%,6,"Hospitality,Travel",,,
nought.engineer,available,92,4%,6,Mathematics,,,
twentieth.engineer,available,92,3%,9,Mathematics,,,
neutral.engineer,available,92,20%,7,"Business,Media,Politics",,,
leash.engineer,available,90,7%,5,"General,Health and Fitness,Retail",,,
gripping.engineer,available,90,3%,8,"Entertainment,Media,Technology",,,
additional.engineer,available,90,8%,10,"Fashion,Retail,Technology",,,
riveting.engineer,available,90,6%,8,"Entertainment,Media,Technology",,,
endearing.engineer,available,90,1%,9,"Entertainment,Fashion,Retail",,,
addictive.engineer,available,90,9%,9,Healthcare,,,
abortive.engineer,available,90,1%,8,"Medicine,Science",,,
adoring.engineer,available,90,2%,7,"Entertainment,Fashion,Retail",,,
hundred.engineer,available,88,13%,7,Mathematics,,,
proficient.engineer,available,88,8%,10,"Education,Health and Fitness,Sports",,,
activist.engineer,available,88,12%,8,"Humanities,Politics",,,
actionable.engineer,available,88,13%,10,"Business,Law",,,
sixteen.engineer,available,88,10%,7,Mathematics,,,
adlib.engineer,available,88,7%,6,Entertainment,,,
wide.engineer,available,88,18%,4,"Business,Media,Technology",,,
twelve.engineer,available,88,18%,6,"General,Mathematics",,,
fifteen.engineer,available,88,13%,7,Mathematics,,,
cipher.engineer,available,86,29%,6,Mathematics,,,
extempore.engineer,available,86,3%,9,Entertainment,,,
aboriginal.engineer,available,86,10%,10,Humanities,,,
recondite.engineer,available,86,4%,9,"Arts,Humanities,Science",,,
engrossing.engineer,available,86,0%,10,"Entertainment,Media,Technology",,,
adolescent.engineer,available,86,3%,10,"Education,Entertainment,Healthcare",,,
xix.engineer,available,86,10%,3,Mathematics,,,
xiv.engineer,available,86,12%,3,Mathematics,,,
star.engineer,available,86,40%,4,"Entertainment,Media,Sports",,,
attendant.engineer,available,86,5%,9,"Healthcare,Hospitality,Transportation",,,
twentytwo.engineer,available,84,10%,10,Mathematics,,,
fourteen.engineer,available,84,8%,8,Mathematics,,,
thousand.engineer,available,84,8%,8,Mathematics,,,
acting.engineer,available,84,12%,6,Entertainment,,,
accessory.engineer,available,84,8%,9,"Fashion,Retail,Technology",,,
seventeen.engineer,available,84,7%,9,Mathematics,,,
grand.engineer,available,84,25%,5,"Finance,General",,,
twentyone.engineer,available,84,13%,10,Mathematics,,,
nineteen.engineer,available,84,8%,8,Mathematics,,,
deviate.engineer,available,84,12%,7,"Medicine,Science",,,
thirteen.engineer,available,84,10%,8,Mathematics,,,
sharp.engineer,available,84,34%,5,"Arts,Fashion",,,
adjustable.engineer,available,84,3%,10,"Manufacturing,Retail,Technology",,,
dozen.engineer,available,82,10%,5,Mathematics,,,
decade.engineer,available,82,10%,6,Mathematics,,,
altered.engineer,available,82,9%,7,"Medicine,Science",,,
enduring.engineer,available,82,9%,8,"Health and Fitness,Religion",,,
fivesome.engineer,available,82,1%,8,Sports,,,
abdominal.engineer,available,82,1%,9,"Health and Fitness,Medicine",,,
abroach.engineer,available,82,1%,7,Food and Beverage,,,
cleansing.engineer,available,82,3%,9,Health and Fitness,,,
abenaki.engineer,available,82,2%,7,Geography,,,
absorbent.engineer,available,82,3%,9,"Healthcare,Manufacturing,Retail",,,
abkhaz.engineer,available,82,1%,6,Geography,,,
abundant.engineer,available,80,19%,8,"Agriculture,Manufacturing,Retail",,,
trio.engineer,available,80,21%,4,Entertainment,,,
able.engineer,available,80,29%,4,"Business,Education,General,Technology",,,
twenty.engineer,available,80,12%,6,Mathematics,,,
absolute.engineer,available,80,25%,8,"Engineering,Mathematics,Science",,,
absorbable.engineer,available,80,0%,10,"Healthcare,Pharmaceuticals,Science",,,
worshipful.engineer,available,80,1%,10,"Education,Healthcare,Religion",,,
forty.engineer,available,80,9%,5,Mathematics,,,
adoptable.engineer,available,80,3%,9,"Education,Healthcare",,,
sequent.engineer,available,80,7%,7,"Healthcare,Insurance,Transportation",,,
dorsal.engineer,available,80,6%,6,"Medicine,Science",,,
seventh.engineer,available,80,10%,7,Mathematics,,,
capable.engineer,available,80,12%,7,"Business,Education,Technology",,,
superstar.engineer,available,80,18%,9,Entertainment,,,
two.engineer,available,80,23%,3,Mathematics,,,
nine.engineer,available,80,24%,4,"General,Mathematics",,,
yard.engineer,available,80,25%,4,"Construction,General",,,
absurd.engineer,available,80,16%,6,"Arts,Entertainment,Media",,,
accessible.engineer,available,78,21%,10,"Healthcare,Retail,Technology",,,
abkhasian.engineer,available,78,1%,9,Geography,,,
accurate.engineer,available,78,16%,8,"Engineering,Mathematics,Science",,,
twentysix.engineer,available,78,8%,10,Mathematics,,,
adjacent.engineer,available,78,9%,8,"Construction,Real Estate,Retail",,,
recognised.engineer,available,78,3%,10,"Business,Education,Technology",,,
accepted.engineer,available,78,6%,8,"Business,Education,Technology",,,
low.engineer,available,78,20%,3,"Business,Finance",,,
adorable.engineer,available,78,8%,8,"Entertainment,Fashion,Retail",,,
sixtynine.engineer,available,78,8%,10,Mathematics,,,
abounding.engineer,available,78,2%,9,Agriculture,,,
honestly.engineer,available,78,9%,8,"Business,Law",,,
adrenal.engineer,available,78,4%,7,"Education,Healthcare,Science",,,
abkhazian.engineer,available,78,1%,9,Geography,,,
dormant.engineer,available,78,4%,7,"Medicine,Science",,,
acceptant.engineer,available,78,1%,9,"Education,Healthcare",,,
recognized.engineer,available,78,3%,10,"Business,Education,Technology",,,
acceptable.engineer,available,78,5%,10,"Business,Hospitality,Retail",,,
absorptive.engineer,available,78,1%,10,"Healthcare,Manufacturing,Retail",,,
athletic.engineer,available,78,15%,8,"Health and Fitness,Sports",,,
fourteenth.engineer,available,76,2%,10,Mathematics,,,
adaptable.engineer,available,76,9%,9,"Business,Education,Technology",,,
thousandth.engineer,available,76,1%,10,Mathematics,,,
fifteenth.engineer,available,76,2%,9,Mathematics,,,
obscene.engineer,available,76,5%,7,"Entertainment,Media",,,
hundredth.engineer,available,76,1%,9,Mathematics,,,
firstrate.engineer,available,76,6%,10,Business,,,
ancillary.engineer,available,76,6%,9,"Healthcare,Manufacturing,Technology",,,
thirteenth.engineer,available,76,3%,10,Mathematics,,,
auxiliary.engineer,available,76,7%,9,"Healthcare,Manufacturing,Technology",,,
abrasive.engineer,available,76,6%,8,"Construction,Manufacturing",,,
adhesive.engineer,available,76,7%,8,"Construction,Manufacturing,Technology",,,
ague.engineer,available,76,2%,4,"Geography,Medicine,Science",,,
adipose.engineer,available,76,2%,7,"Healthcare,Science",,,
nineteenth.engineer,available,76,3%,10,Mathematics,,,
threed.engineer,available,76,7%,7,Technology,,,
eighteen.engineer,available,76,7%,8,Mathematics,,,
ventral.engineer,available,76,3%,7,Science,,,
adherent.engineer,available,76,4%,8,"Politics,Religion",,,
diamond.engineer,available,76,32%,7,Fashion,,,
improvise.engineer,available,76,4%,9,Entertainment,,,
incidental.engineer,available,76,4%,10,"Healthcare,Insurance,Transportation",,,
addable.engineer,available,76,2%,7,"Engineering,Mathematics,Science",,,
energizing.engineer,available,76,3%,10,"Food and Beverage,Health and Fitness,Travel",,,
resultant.engineer,available,76,2%,9,"Healthcare,Insurance,Transportation",,,
adaptive.engineer,available,76,28%,8,"Business,Education,Technology",,,
accepting.engineer,available,74,3%,9,"Education,Healthcare",,,
abnormal.engineer,available,74,16%,8,"Medicine,Science",,,
adapted.engineer,available,74,6%,7,"Healthcare,Manufacturing,Technology",,,
adrenergic.engineer,available,74,1%,10,"Education,Healthcare,Science",,,
broad.engineer,available,74,13%,5,"Entertainment,General,Media",,,
manageable.engineer,available,74,4%,10,"Business,Education,Technology",,,
realizable.engineer,available,74,1%,10,"Business,Education,Technology",,,
supra.engineer,available,74,25%,5,"Medicine,Science",,,
admirable.engineer,available,74,5%,9,"Business,Education,Healthcare",,,
aberrant.engineer,available,74,6%,8,"Medicine,Science",,,
mavin.engineer,available,74,7%,5,"Entertainment,Fashion,Technology",,,
achievable.engineer,available,74,4%,10,"Business,Education,Technology",,,
activated.engineer,available,74,9%,9,"Healthcare,Manufacturing,Technology",,,
skilful.engineer,available,74,3%,7,"Education,Health and Fitness,Sports",,,
adenoid.engineer,available,74,1%,7,"Health and Fitness,Medicine,Science",,,
sensation.engineer,available,74,7%,9,"Entertainment,Media,Sports",,,
cleared.engineer,available,74,7%,7,"Healthcare,Law,Transportation",,,
acuate.engineer,available,74,2%,6,"Engineering,Medicine,Science",,,
single.engineer,available,74,19%,6,Sports,,,
playing.engineer,available,74,12%,7,Entertainment,,,
seventieth.engineer,available,72,1%,10,Mathematics,,,
champion.engineer,available,72,28%,8,"Entertainment,Health and Fitness,Sports",,,
accusative.engineer,available,72,0%,10,"Humanities,Law",,,
aching.engineer,available,72,4%,6,Healthcare,,,
adonic.engineer,available,72,2%,6,"Arts,Education,Entertainment",,,
liv.engineer,available,72,28%,3,Mathematics,,,
abreast.engineer,available,72,2%,7,"Business,Technology",,,
absolutist.engineer,available,72,1%,10,"Humanities,Law,Politics",,,
ninetieth.engineer,available,72,1%,9,Mathematics,,,
engrossed.engineer,available,72,1%,9,"Entertainment,Media,Technology",,,
addicted.engineer,available,72,9%,8,Healthcare,,,
adaptative.engineer,available,72,1%,10,"Business,Education,Technology",,,
accustomed.engineer,available,72,1%,10,"Business,Education,Humanities",,,
improvize.engineer,available,72,1%,9,Entertainment,,,
abloom.engineer,available,72,5%,6,Agriculture,,,
ablaze.engineer,available,72,6%,6,Entertainment,,,
absorbed.engineer,available,72,2%,8,"Entertainment,Media,Technology",,,
adjunctive.engineer,available,72,1%,10,"Healthcare,Manufacturing,Technology",,,
adiabatic.engineer,available,72,3%,9,"Engineering,Science",,,
adjectival.engineer,available,72,1%,10,Education,,,
lovely.engineer,available,72,26%,6,"Entertainment,Fashion,Retail",,,
eightieth.engineer,available,72,1%,9,Mathematics,,,
sixtieth.engineer,available,72,1%,8,Mathematics,,,
ternary.engineer,available,72,7%,7,Mathematics,,,
existent.engineer,available,72,3%,8,"Mathematics,Science",,,
gymnastic.engineer,available,70,3%,9,"Entertainment,Sports",,,
miserable.engineer,available,70,4%,9,Humanities,,,
abradant.engineer,available,70,1%,8,"Construction,Manufacturing",,,
abulic.engineer,available,70,1%,6,Medicine,,,
absorbing.engineer,available,70,3%,9,"Entertainment,Media,Technology",,,
tiptop.engineer,available,70,24%,6,Fashion,,,
consequent.engineer,available,70,3%,10,"Business,Education,General,Technology",,,
recumbent.engineer,available,70,2%,9,"Healthcare,Medicine,Science",,,
adamantine.engineer,available,70,4%,10,Religion,,,
offhand.engineer,available,70,2%,7,Entertainment,,,
accumbent.engineer,available,70,1%,9,"Healthcare,Medicine,Science",,,
adored.engineer,available,70,6%,6,"Entertainment,Fashion,Retail",,,
stillborn.engineer,available,70,2%,9,"Medicine,Science",,,
practiced.engineer,available,70,3%,9,"Education,Health and Fitness,Sports",,,
lowdown.engineer,available,70,6%,8,"Entertainment,Media",,,
acuminate.engineer,available,70,1%,9,"Engineering,Medicine,Science",,,
admired.engineer,available,70,5%,7,"Business,Education,Healthcare",,,
skillful.engineer,available,70,9%,8,"Education,Health and Fitness,Sports",,,
adjusted.engineer,available,70,5%,8,"Manufacturing,Retail,Technology",,,
unity.engineer,resell,70,38%,5,Mathematics,22/07/2025 17:07,22/07/2026 17:07,"Sav.com, LLC"
fiftieth.engineer,available,68,1%,8,Mathematics,,,
scurvy.engineer,available,68,3%,6,Humanities,,,
aberdonian.engineer,available,68,1%,10,Geography,,,
licenced.engineer,available,68,2%,8,"Business,Healthcare,Insurance",,,
aroused.engineer,available,68,3%,7,"Entertainment,Health and Fitness",,,
fortieth.engineer,available,68,1%,8,Mathematics,,,
acerate.engineer,available,68,1%,7,Science,,,
overseas.engineer,available,68,12%,8,"Hospitality,Travel",,,
septenary.engineer,available,68,2%,9,Mathematics,,,
achaian.engineer,available,68,2%,7,Humanities,,,
octonary.engineer,available,68,1%,8,Mathematics,,,
stygian.engineer,available,68,5%,7,Humanities,,,
abducent.engineer,available,68,0%,8,Medicine,,,
sevener.engineer,available,68,1%,7,Mathematics,,,
accredited.engineer,available,68,9%,10,"Business,Education,Healthcare",,,
ane.engineer,available,68,12%,3,Mathematics,,,
abnaki.engineer,available,68,1%,6,Geography,,,
abkhas.engineer,available,68,0%,6,Geography,,,
achaean.engineer,available,68,2%,7,Humanities,,,
ablative.engineer,available,68,3%,8,Science,,,
threesome.engineer,available,68,5%,9,Entertainment,,,
disciple.engineer,available,68,14%,8,"Education,Religion",,,
decorated.engineer,available,68,3%,9,"Entertainment,Fashion,Retail",,,
aculeate.engineer,available,68,1%,8,"Engineering,Medicine,Science",,,
ennead.engineer,available,68,5%,6,Mathematics,,,
activating.engineer,available,68,3%,10,"Healthcare,Manufacturing,Technology",,,
vindicated.engineer,available,68,2%,10,"Humanities,Law,Politics",,,
foursome.engineer,available,68,4%,8,Sports,,,
thirtieth.engineer,available,68,1%,9,Mathematics,,,
acervate.engineer,available,66,1%,8,Science,,,
thirty.engineer,available,66,7%,6,Mathematics,,,
xxii.engineer,available,66,6%,4,Mathematics,,,
abstinent.engineer,available,66,1%,9,"Health and Fitness,Religion",,,
xviii.engineer,available,66,4%,5,Mathematics,,,
xvii.engineer,available,66,5%,4,Mathematics,,,
accessary.engineer,available,66,1%,9,"Business,Law,Technology",,,
onec.engineer,available,66,6%,5,Mathematics,,,
adorned.engineer,available,66,5%,7,"Entertainment,Fashion,Retail",,,
century.engineer,available,66,17%,7,Education,,,
according.engineer,available,66,3%,9,"Business,Education,Technology",,,
modish.engineer,available,66,5%,6,Fashion,,,
exonerated.engineer,available,66,2%,10,"Humanities,Law,Politics",,,
eighty.engineer,available,66,6%,6,Mathematics,,,
xxvi.engineer,available,66,3%,4,Mathematics,,,
six.engineer,available,66,26%,3,Mathematics,,,
acappella.engineer,available,66,6%,10,Entertainment,,,
deuce.engineer,available,66,8%,5,Sports,,,
fifty.engineer,available,66,13%,5,Mathematics,,,
tenner.engineer,available,66,4%,6,Finance,,,
adopted.engineer,available,66,4%,7,"Education,Healthcare",,,
five.engineer,available,66,26%,4,Mathematics,,,
sextet.engineer,available,66,2%,6,Entertainment,,,
performing.engineer,available,66,6%,10,Entertainment,,,
ninety.engineer,available,66,11%,6,Mathematics,,,
buzzing.engineer,available,66,7%,7,"Entertainment,Media,Technology",,,
acrobatic.engineer,available,66,4%,9,"Entertainment,Sports",,,
xii.engineer,available,66,10%,3,Mathematics,,,
maven.engineer,available,66,30%,5,"Entertainment,Fashion,Technology",,,
xxv.engineer,available,66,6%,3,Mathematics,,,
xxi.engineer,available,66,10%,3,Mathematics,,,
clv.engineer,available,66,10%,3,Mathematics,,,
xiii.engineer,available,66,9%,4,Mathematics,,,
four.engineer,available,66,27%,4,Mathematics,,,
latest.engineer,available,66,18%,6,Technology,,,
xvi.engineer,available,66,4%,3,Mathematics,,,
teenager.engineer,available,66,4%,8,"Education,Entertainment,Healthcare",,,
acentric.engineer,available,64,2%,8,Science,,,
aflame.engineer,available,64,3%,6,Entertainment,,,
accordant.engineer,available,64,3%,9,"Arts,Entertainment",,,
adagio.engineer,available,64,14%,6,Entertainment,,,
rising.engineer,available,64,18%,6,"Construction,Manufacturing,Real Estate",,,
nondrinker.engineer,available,64,1%,10,"Health and Fitness,Religion",,,
absolved.engineer,available,64,1%,8,"Humanities,Law,Religion",,,
astringent.engineer,available,64,1%,10,"Healthcare,Pharmaceuticals",,,
deviant.engineer,available,64,12%,7,"Medicine,Science",,,
scatty.engineer,available,64,1%,6,"Arts,Entertainment,Media",,,
ccc.engineer,available,64,38%,3,Mathematics,,,
twodozen.engineer,available,62,1%,9,Mathematics,,,
exculpated.engineer,available,62,1%,10,"Humanities,Law,Politics",,,
chiliad.engineer,available,62,2%,7,Mathematics,,,
adjuvant.engineer,available,62,5%,8,"Healthcare,Manufacturing,Technology",,,
admissible.engineer,available,62,1%,10,"Education,Healthcare,Law",,,
troika.engineer,available,62,8%,6,Politics,,,
ensuant.engineer,available,62,1%,7,"Healthcare,Insurance,Transportation",,,
sixteenth.engineer,available,62,1%,9,Mathematics,,,
fortyfour.engineer,available,62,6%,10,Mathematics,,,
abo.engineer,available,62,15%,3,Science,,,
roughly.engineer,available,62,3%,7,"Business,Media,Technology",,,
adoptive.engineer,available,62,1%,8,"Education,Healthcare",,,
activation.engineer,available,62,16%,10,"Healthcare,Manufacturing,Technology",,,
activistic.engineer,available,62,1%,10,"Humanities,Politics",,,
aborigine.engineer,available,62,1%,9,Humanities,,,
acidic.engineer,available,62,5%,6,"Food and Beverage,Science",,,
orso.engineer,available,62,9%,5,"Business,Media,Technology",,,
wrapped.engineer,available,62,13%,7,"Fashion,Hospitality,Retail",,,
accrued.engineer,available,62,2%,7,"Banking,Finance,Insurance",,,
eleventh.engineer,available,62,5%,8,Mathematics,,,
cumulative.engineer,available,62,2%,10,"Banking,Finance,Insurance",,,
nail.engineer,available,62,16%,4,"Construction,Fashion,General,Retail",,,
quartet.engineer,available,62,7%,7,"Arts,Entertainment",,,
accusing.engineer,available,62,1%,8,Law,,,
aufait.engineer,available,62,3%,7,"Fashion,Media",,,
pungent.engineer,available,62,1%,7,Food and Beverage,,,
playacting.engineer,available,62,1%,10,Entertainment,,,
eighteenth.engineer,available,62,1%,10,Mathematics,,,
longdozen.engineer,available,62,1%,10,Mathematics,,,
annexal.engineer,available,60,1%,7,"Agriculture,Manufacturing,Retail",,,
cxl.engineer,available,60,7%,3,Mathematics,,,
idolised.engineer,available,60,1%,8,"Entertainment,Fashion,Retail",,,
abstemious.engineer,available,60,0%,10,"Food and Beverage,Health and Fitness,Hospitality",,,
eightysix.engineer,available,60,7%,10,Mathematics,,,
adnate.engineer,available,60,1%,6,"Agriculture,Manufacturing,Retail",,,
paunchy.engineer,available,60,0%,7,"Health and Fitness,Medicine",,,
clx.engineer,available,60,8%,3,Mathematics,,,
tertiary.engineer,available,60,4%,8,Education,,,
cautionary.engineer,available,60,1%,10,"Business,Education,Healthcare",,,
aboveboard.engineer,available,60,5%,10,"Business,Law",,,
cxv.engineer,available,60,4%,3,Mathematics,,,
xcl.engineer,available,60,5%,3,Mathematics,,,
adnexal.engineer,available,60,1%,7,"Agriculture,Manufacturing,Retail",,,
abashed.engineer,available,60,1%,7,Humanities,,,
thou.engineer,available,60,7%,4,Mathematics,,,
clxxx.engineer,available,60,1%,5,Mathematics,,,
abstainer.engineer,available,60,0%,9,"Health and Fitness,Religion",,,
cxx.engineer,available,60,9%,3,Mathematics,,,
clxxv.engineer,available,60,1%,5,Mathematics,,,
clxv.engineer,available,60,1%,4,Mathematics,,,
cxxx.engineer,available,60,3%,4,Mathematics,,,
octet.engineer,available,60,12%,5,Arts,,,
clxx.engineer,available,60,2%,4,Mathematics,,,
cxlv.engineer,available,60,2%,4,Mathematics,,,
acceptive.engineer,available,60,1%,9,"Education,Healthcare",,,
idolized.engineer,available,60,3%,8,"Entertainment,Fashion,Retail",,,
sixty.engineer,available,60,13%,5,Mathematics,,,
cxxxv.engineer,available,60,1%,5,Mathematics,,,
cxxv.engineer,available,60,1%,4,Mathematics,,,
tercet.engineer,available,59,2%,6,"Arts,Entertainment,Media",,,
eighter.engineer,available,58,2%,7,Mathematics,,,
enwrapped.engineer,available,58,0%,9,"Entertainment,Fashion,Media",,,
abuzz.engineer,available,58,5%,5,"Entertainment,Media,Technology",,,
hexad.engineer,available,58,5%,5,Mathematics,,,
accretive.engineer,available,58,6%,9,"Banking,Finance,Insurance",,,
addible.engineer,available,58,2%,7,"Engineering,Mathematics,Science",,,
acetic.engineer,available,58,1%,6,"Food and Beverage,Science",,,
fifth.engineer,available,58,12%,5,Mathematics,,,
adient.engineer,available,58,4%,6,"Medicine,Science",,,
tetrad.engineer,available,58,5%,6,Mathematics,,,
abused.engineer,available,58,5%,6,"Healthcare,Law",,,
acyclic.engineer,available,58,4%,7,"Engineering,Mathematics,Science",,,
twelfth.engineer,available,58,2%,7,Mathematics,,,
aucourant.engineer,available,58,3%,10,"Fashion,Media",,,
alacarte.engineer,available,58,11%,10,Food and Beverage,,,
sixtyone.engineer,available,58,5%,9,Mathematics,,,
addressed.engineer,available,58,3%,9,"Business,Technology,Telecommunications",,,
seventy.engineer,available,58,7%,7,Mathematics,,,
offhanded.engineer,available,58,1%,9,Entertainment,,,
lxxviii.engineer,available,58,1%,7,Mathematics,,,
linear.engineer,available,58,22%,6,"Engineering,Mathematics,Science",,,
actuarial.engineer,available,58,8%,9,"Finance,Insurance,Mathematics",,,
centesimal.engineer,available,58,1%,10,Mathematics,,,
heptad.engineer,available,58,2%,6,Mathematics,,,
accoutred.engineer,available,58,1%,9,"Fashion,Manufacturing,Retail",,,
pentad.engineer,available,58,3%,6,Mathematics,,,
quintet.engineer,available,58,8%,7,"Arts,Entertainment",,,
adjustive.engineer,available,58,1%,9,"Manufacturing,Retail,Technology",,,
sextuplet.engineer,available,58,1%,9,Healthcare,,,
ache.engineer,available,58,7%,4,Healthcare,,,
justabout.engineer,available,58,3%,10,"Business,Media,Technology",,,
abandoned.engineer,available,58,10%,9,"Construction,Real Estate",,,
abridged.engineer,available,58,4%,8,Media,,,
accented.engineer,available,58,3%,8,"Arts,Entertainment",,,
lxxx.engineer,available,58,2%,4,Mathematics,,,
sixer.engineer,available,58,5%,5,Sports,,,
fourscore.engineer,available,58,4%,9,Mathematics,,,
closeto.engineer,available,58,3%,8,"Business,Media,Technology",,,
niner.engineer,available,58,5%,5,Mathematics,,,
fourth.engineer,available,58,13%,6,Mathematics,,,
octad.engineer,available,58,5%,5,Mathematics,,,
xxxviii.engineer,available,56,1%,7,Mathematics,,,
potbellied.engineer,available,56,0%,10,"Health and Fitness,Medicine",,,
thirtytwo.engineer,available,56,4%,10,Mathematics,,,
fortynine.engineer,available,56,3%,10,Mathematics,,,
abdominous.engineer,available,56,0%,10,"Health and Fitness,Medicine",,,
fortytwo.engineer,available,56,17%,9,Mathematics,,,
xxviii.engineer,available,56,1%,6,Mathematics,,,
xxxvi.engineer,available,56,1%,5,Mathematics,,,
xlvi.engineer,available,56,3%,4,Mathematics,,,
triad.engineer,available,56,15%,5,Arts,,,
lvi.engineer,available,56,8%,3,Mathematics,,,
abeyant.engineer,available,56,1%,7,"Business,Law",,,
thirtyone.engineer,available,56,4%,10,Mathematics,,,
terzetto.engineer,available,56,3%,8,Arts,,,
admittible.engineer,available,56,1%,10,"Education,Healthcare,Hospitality",,,
xxiv.engineer,available,56,5%,4,Mathematics,,,
xxvii.engineer,available,56,3%,5,Mathematics,,,
fiftysix.engineer,available,56,4%,9,Mathematics,,,
lvii.engineer,available,56,2%,4,Mathematics,,,
fiftyfive.engineer,available,56,8%,10,Mathematics,,,
liii.engineer,available,56,4%,4,Mathematics,,,
xxxii.engineer,available,56,1%,5,Mathematics,,,
lii.engineer,available,56,7%,3,Mathematics,,,
fiftynine.engineer,available,56,4%,10,Mathematics,,,
maledict.engineer,available,56,1%,8,Religion,,,
xliv.engineer,available,56,3%,4,Mathematics,,,
fortyone.engineer,available,56,5%,9,Mathematics,,,
accoutered.engineer,available,56,0%,10,"Fashion,Manufacturing,Retail",,,
fiftyone.engineer,available,56,8%,9,Mathematics,,,
xliii.engineer,available,56,1%,5,Mathematics,,,
thirtysix.engineer,available,56,5%,10,Mathematics,,,
xxxv.engineer,available,56,4%,4,Mathematics,,,
admittable.engineer,available,56,1%,10,"Education,Healthcare,Hospitality",,,
admissive.engineer,available,56,1%,9,"Education,Healthcare,Hospitality",,,
xlv.engineer,available,56,6%,3,Mathematics,,,
xxxiv.engineer,available,56,1%,5,Mathematics,,,
aone.engineer,available,56,15%,5,Food and Beverage,,,
xxxvii.engineer,available,56,2%,6,Mathematics,,,
ilx.engineer,available,56,6%,3,Mathematics,,,
lviii.engineer,available,56,1%,5,Mathematics,,,
addled.engineer,available,56,2%,6,Entertainment,,,
appressed.engineer,available,56,0%,9,"Agriculture,Manufacturing,Retail",,,
xxxi.engineer,available,56,8%,4,Mathematics,,,
xxix.engineer,available,56,4%,4,Mathematics,,,
xli.engineer,available,56,5%,3,Mathematics,,,
fiftyfour.engineer,available,56,4%,10,Mathematics,,,
xlviii.engineer,available,56,1%,6,Mathematics,,,
xlvii.engineer,available,56,2%,5,Mathematics,,,
xlii.engineer,available,56,5%,4,Mathematics,,,
xxxiii.engineer,available,56,2%,6,Mathematics,,,
fiftytwo.engineer,available,56,6%,9,Mathematics,,,
fortysix.engineer,available,56,4%,9,Mathematics,,,
xxiii.engineer,available,56,4%,5,Mathematics,,,
halfdozen.engineer,available,56,1%,10,Mathematics,,,
topnotch.engineer,available,54,18%,8,Business,,,
fortyfive.engineer,available,54,5%,10,Mathematics,,,
adducting.engineer,available,54,1%,9,"Engineering,Mathematics,Science",,,
deserted.engineer,available,54,3%,8,"Hospitality,Real Estate",,,
achy.engineer,available,54,3%,4,Healthcare,,,
actuated.engineer,available,54,2%,8,"Automotive,Manufacturing,Technology",,,
deuceace.engineer,available,54,1%,9,Sports,,,
quaternion.engineer,available,54,6%,10,Mathematics,,,
abatic.engineer,available,54,1%,6,Science,,,
viii.engineer,available,54,6%,4,Mathematics,,,
abatable.engineer,available,54,1%,8,Law,,,
vii.engineer,available,54,13%,3,Mathematics,,,
quadruplet.engineer,available,54,1%,10,"Healthcare,Medicine,Science",,,
abasic.engineer,available,54,1%,6,Science,,,
adpressed.engineer,available,54,0%,9,"Agriculture,Manufacturing,Retail",,,
fin.engineer,available,54,30%,3,Finance,,,
scratchy.engineer,available,54,3%,8,Fashion,,,
quatern.engineer,available,54,2%,7,Mathematics,,,
achromatic.engineer,available,54,4%,10,Science,,,
monitory.engineer,available,54,3%,8,"Business,Education,Healthcare",,,
aboral.engineer,available,54,2%,6,Science,,,
accentual.engineer,available,54,3%,9,"Arts,Entertainment",,,
admonitory.engineer,available,54,0%,10,"Business,Education,Healthcare",,,
threescore.engineer,available,54,2%,10,Mathematics,,,
abaxial.engineer,available,54,1%,7,Science,,,
adaxial.engineer,available,54,2%,7,Science,,,
ternion.engineer,available,54,3%,7,Mathematics,,,
abhorrent.engineer,available,54,1%,9,Humanities,,,
adducent.engineer,available,54,1%,8,"Engineering,Mathematics,Science",,,
adjuratory.engineer,available,54,0%,10,"Law,Politics,Religion",,,
iii.engineer,available,54,24%,3,Mathematics,,,
adductive.engineer,available,54,0%,9,"Engineering,Mathematics,Science",,,
unnatural.engineer,available,54,4%,9,"Medicine,Science",,,
abducens.engineer,available,54,1%,8,Medicine,,,
sise.engineer,available,54,5%,4,Mathematics,,,
quintuplet.engineer,available,54,1%,10,"Healthcare,Medicine,Science",,,
abient.engineer,available,54,1%,6,Science,,,
accursed.engineer,available,54,3%,8,"Entertainment,Media,Religion",,,
twoscore.engineer,available,54,2%,8,Mathematics,,,
acoustical.engineer,available,54,4%,10,Science,,,
quaternity.engineer,available,54,4%,10,Mathematics,,,
sestet.engineer,available,53,1%,6,Arts,,,
septet.engineer,available,53,1%,6,General,,,
repugnant.engineer,available,52,1%,9,Humanities,,,
abstruse.engineer,available,52,5%,8,"Humanities,Mathematics,Science",,,
ixc.engineer,available,52,5%,3,Mathematics,,,
lxxii.engineer,available,52,1%,5,Mathematics,,,
xci.engineer,available,52,4%,3,Mathematics,,,
abysmal.engineer,available,52,4%,7,"Arts,Entertainment,Media",,,
lxii.engineer,available,52,2%,4,Mathematics,,,
lxxxvii.engineer,available,52,1%,7,Mathematics,,,
lxxxvi.engineer,available,52,1%,6,Mathematics,,,
lxxxi.engineer,available,52,1%,5,Mathematics,,,
lxxi.engineer,available,52,2%,4,Mathematics,,,
odious.engineer,available,52,2%,6,"Entertainment,Humanities",,,
adenoidal.engineer,available,52,1%,9,"Health and Fitness,Medicine,Science",,,
lxxxv.engineer,available,52,1%,5,Mathematics,,,
ninetysix.engineer,available,52,4%,10,Mathematics,,,
xcviii.engineer,available,52,1%,6,Mathematics,,,
ablated.engineer,available,52,1%,7,Science,,,
tierce.engineer,available,52,3%,6,General,,,
lxxxiv.engineer,available,52,1%,6,Mathematics,,,
abominable.engineer,available,52,2%,10,"Entertainment,Humanities",,,
decumbent.engineer,available,52,1%,9,"Healthcare,Medicine,Science",,,
xcvii.engineer,available,52,1%,5,Mathematics,,,
sixtysix.engineer,available,52,5%,9,Mathematics,,,
uphill.engineer,available,52,7%,6,"Sports,Transportation,Travel",,,
lxviii.engineer,available,52,2%,6,Mathematics,,,
eightytwo.engineer,available,52,4%,10,Mathematics,,,
lxi.engineer,available,52,5%,3,Mathematics,,,
xciv.engineer,available,52,2%,4,Mathematics,,,
sixtyfive.engineer,available,52,3%,10,Mathematics,,,
littlejoe.engineer,available,52,2%,10,"Entertainment,Media",,,
lxxxii.engineer,available,52,1%,6,Mathematics,,,
xciii.engineer,available,52,1%,5,Mathematics,,,
abusive.engineer,available,52,3%,7,"Healthcare,Law",,,
lxvi.engineer,available,52,3%,4,Mathematics,,,
ixl.engineer,available,52,9%,3,Mathematics,,,
lxiii.engineer,available,52,2%,5,Mathematics,,,
lxiv.engineer,available,52,3%,4,Mathematics,,,
ninetytwo.engineer,available,52,4%,10,Mathematics,,,
sixtyfour.engineer,available,52,4%,10,Mathematics,,,
aboulic.engineer,available,52,1%,7,Medicine,,,
lxv.engineer,available,52,5%,3,Mathematics,,,
sixtytwo.engineer,available,52,3%,9,Mathematics,,,
lxxiii.engineer,available,52,2%,6,Mathematics,,,
lxxv.engineer,available,52,2%,4,Mathematics,,,
xcvi.engineer,available,52,2%,4,Mathematics,,,
xcv.engineer,available,52,7%,3,Mathematics,,,
lxvii.engineer,available,52,1%,5,Mathematics,,,
xcii.engineer,available,52,2%,4,Mathematics,,,
lxxxiii.engineer,available,52,1%,7,Mathematics,,,
lxxvi.engineer,available,52,1%,5,Mathematics,,,
lxxvii.engineer,available,52,2%,6,Mathematics,,,
repulsive.engineer,available,52,1%,9,Humanities,,,
lxxiv.engineer,available,52,1%,5,Mathematics,,,
eightyone.engineer,available,52,3%,10,Mathematics,,,
ninetyone.engineer,available,52,5%,10,Mathematics,,,
detestable.engineer,available,52,1%,10,Humanities,,,
chagrined.engineer,available,52,1%,9,Humanities,,,
acquitted.engineer,available,50,1%,9,Law,,,
acaudal.engineer,available,50,1%,7,"Agriculture,Science",,,
abomasal.engineer,available,50,0%,8,Agriculture,,,
broached.engineer,available,50,0%,8,Food and Beverage,,,
quint.engineer,available,50,13%,5,"Arts,Entertainment",,,
acellular.engineer,available,50,1%,9,Science,,,
acerose.engineer,available,50,1%,7,Science,,,
spinous.engineer,available,50,1%,7,"Agriculture,Science",,,
vinegary.engineer,available,50,1%,8,Food and Beverage,,,
lxx.engineer,available,50,5%,3,Mathematics,,,
scummy.engineer,available,50,1%,6,Humanities,,,
ogdoad.engineer,available,50,1%,6,Mathematics,,,
acetose.engineer,available,50,1%,7,Science,,,
adactylous.engineer,available,50,0%,10,Science,,,
gillless.engineer,available,50,0%,9,Science,,,
acapnotic.engineer,available,50,0%,9,"Healthcare,Medicine,Science",,,
needlelike.engineer,available,50,0%,10,"Engineering,Medicine,Science",,,
abducting.engineer,available,50,0%,9,Medicine,,,
abactinal.engineer,available,50,0%,9,Science,,,
aculeated.engineer,available,50,0%,9,"Engineering,Medicine,Science",,,
acerb.engineer,available,50,2%,5,Science,,,
abranchial.engineer,available,50,0%,10,Science,,,
cinque.engineer,available,50,7%,6,Mathematics,,,
adhominem.engineer,available,50,2%,10,"Humanities,Law,Politics",,,
acetous.engineer,available,50,1%,7,Science,,,
abdicable.engineer,available,50,0%,9,Law,,,
triplet.engineer,available,50,8%,7,Science,,,
acerbic.engineer,available,50,2%,7,"Arts,Humanities,Media",,,
abbatial.engineer,available,50,0%,8,Religion,,,
trine.engineer,available,50,11%,5,"General,Religion",,,
acapnic.engineer,available,50,0%,7,"Healthcare,Medicine,Science",,,
aborticide.engineer,available,50,0%,10,Medicine,,,
ilxxx.engineer,available,48,1%,5,Mathematics,,,
ilxx.engineer,available,48,1%,4,Mathematics,,,
abyssal.engineer,available,48,12%,7,"Arts,Entertainment,Media",,,
notguilty.engineer,available,48,5%,10,Law,,,
abstracted.engineer,available,48,5%,10,"Arts,Humanities,Science",,,
lxxxviii.engineer,available,48,1%,8,Mathematics,,,
apriori.engineer,available,48,13%,8,Mathematics,,,
execrable.engineer,available,48,0%,9,"Entertainment,Humanities",,,
achenial.engineer,available,46,1%,8,Science,,,
cotyloid.engineer,available,46,1%,8,Science,,,
acheronian.engineer,available,46,1%,10,Humanities,,,
theabsurd.engineer,available,46,1%,10,"Arts,Entertainment,Media",,,
stemless.engineer,available,46,2%,8,"Agriculture,Science",,,
stripling.engineer,available,46,2%,9,"Education,Entertainment,Healthcare",,,
acaudate.engineer,available,46,1%,8,"Agriculture,Science",,,
acephalous.engineer,available,46,1%,10,Science,,,
achromous.engineer,available,46,1%,9,Science,,,
acetylenic.engineer,available,46,1%,10,Science,,,
quaternary.engineer,available,46,3%,10,Mathematics,,,
acetonic.engineer,available,46,1%,8,Science,,,
acicular.engineer,available,46,2%,8,Science,,,
acanthous.engineer,available,46,0%,9,"Agriculture,Science",,,
acanthotic.engineer,available,46,0%,10,"Agriculture,Science",,,
acanthoid.engineer,available,46,1%,9,"Agriculture,Science",,,
acarpous.engineer,available,46,0%,8,"Agriculture,Science",,,
acetabular.engineer,available,46,1%,10,Science,,,
acapnial.engineer,available,46,0%,8,"Healthcare,Medicine,Science",,,
acarpelous.engineer,available,46,0%,10,"Agriculture,Science",,,
acetylic.engineer,available,46,1%,8,Science,,,
vinegarish.engineer,available,46,1%,10,Food and Beverage,,,
achromic.engineer,available,46,2%,8,Science,,,
acherontic.engineer,available,44,1%,10,Humanities,,,
accusatory.engineer,available,44,1%,10,Law,,,
cotyloidal.engineer,available,44,1%,10,Science,,,
phoebe.engineer,available,41,14%,6,Science,,,
abscessed.engineer,available,41,0%,9,Healthcare,,,
accurst.engineer,available,40,1%,7,Religion,,,
accusive.engineer,available,40,1%,8,Law,,,
scurrilous.engineer,available,40,1%,10,"Entertainment,Media,Politics",,,